hostname,age_16,age_50,age_84,mass_16,mass_50,mass_84,feh_16,feh_50,feh_84,accept_fr,age_err_lo,age_err_hi
WASP-136,3.3612,3.6985,3.8813,1.2196,1.2439,1.341,-0.2838,-0.1898,-0.1306,0.255,0.3373,0.1829
KELT-1,4.6542,5.2562,5.9622,1.1146,1.1586,1.197,-0.0625,0.0561,0.1525,0.392,0.6019,0.706
HD 1397,4.2346,4.3823,4.7828,1.2828,1.3141,1.3425,0.1841,0.2573,0.3291,0.168,0.1476,0.4005
WASP-26,4.6848,5.7791,6.8866,1.0492,1.0911,1.1295,0.0677,0.1736,0.2658,0.5,1.0943,1.1076
TOI-178,0.8305,2.392,6.0671,0.6445,0.6584,0.6688,-0.1924,-0.1486,-0.1079,0.463,1.5614,3.6751
HD 2685,1.8151,2.0894,2.3934,1.3031,1.3407,1.3767,-0.0817,0.0203,0.1218,0.585,0.2743,0.304
TOI-6029,5.126,5.2124,6.6702,1.1932,1.2703,1.2744,0.3454,0.3993,0.4535,0.11,0.0864,1.4578
TOI-2406,0.3108,1.288,4.8329,0.1735,0.179,0.1811,-0.3513,-0.3165,-0.287,0.437,0.9772,3.5449
WASP-93,2.4303,2.7183,2.9848,1.2754,1.3066,1.3414,-0.0412,0.0453,0.1569,0.574,0.288,0.2665
HD 5278,4.9017,5.9044,7.003,0.9816,1.0198,1.0616,-0.2302,-0.1385,-0.033,0.554,1.0026,1.0986
TOI-1472,0.1181,0.5244,1.9664,0.9024,0.9216,0.9296,0.2747,0.3429,0.3925,0.435,0.4063,1.4421
K2-209,5.2913,7.8889,9.3884,0.7461,0.7545,0.7674,0.0326,0.0666,0.0839,0.504,2.5976,1.4995
TOI-261,7.1661,8.2239,9.3343,0.8941,0.9302,0.9619,-0.4191,-0.3192,-0.235,0.513,1.0578,1.1104
HD 6061,1.6688,3.2019,5.5867,0.9595,1.0152,1.0536,-0.1257,-0.0194,0.0625,0.395,1.533,2.3848
TOI-6651,5.4977,5.9582,6.58,1.1424,1.1745,1.1987,0.1566,0.2651,0.3405,0.403,0.4605,0.6217
K2-222,6.3874,7.8746,9.1586,0.8834,0.9146,0.9513,-0.3866,-0.292,-0.2092,0.541,1.4872,1.284
WASP-187,2.8017,3.1534,3.2475,1.3885,1.414,1.5008,-0.0095,0.0622,0.08,0.099,0.3517,0.094
K2-210,3.1739,5.7764,8.5363,0.8532,0.8877,0.9177,-0.0018,0.0716,0.1248,0.432,2.6025,2.7599
TOI-1467,0.1913,0.2069,0.2306,0.4995,0.5015,0.5036,-0.2109,-0.2079,-0.2015,0.598,0.0156,0.0237
TOI-4010,4.6985,6.8291,8.8646,0.8413,0.8559,0.8711,0.3627,0.449,0.4995,0.428,2.1306,2.0354
GJ 3090,0.2102,0.5363,2.6187,0.5222,0.5293,0.534,-0.0321,0.0019,0.0322,0.424,0.3261,2.0824
TOI-1695,0.3211,0.9021,3.5507,0.5321,0.5379,0.5419,0.0527,0.0858,0.12,0.489,0.581,2.6486
TOI-125,2.9854,5.1076,7.8871,0.8413,0.8721,0.8932,0.0184,0.0787,0.116,0.444,2.1222,2.7795
WASP-18,0.1509,0.6265,1.5789,1.2134,1.2704,1.2946,0.0349,0.1471,0.2213,0.365,0.4756,0.9524
WASP-97,3.6728,5.1369,7.2348,0.9909,1.0398,1.0711,0.1567,0.2801,0.3501,0.431,1.4641,2.0978
HIP 8152,2.1701,4.1545,6.4386,0.9248,0.9686,1.0037,-0.0233,0.0748,0.1336,0.403,1.9844,2.2842
TOI-2152,8.489,9.0153,9.7726,1.0531,1.0754,1.1067,0.1833,0.2327,0.3365,0.131,0.5263,0.7573
WASP-76,2.5324,2.808,2.9874,1.3785,1.3981,1.4233,0.2417,0.3251,0.4557,0.493,0.2756,0.1793
HAT-P-60,3.1488,3.7891,4.074,1.2681,1.3219,1.4148,-0.0525,0.0678,0.1474,0.135,0.6403,0.2849
WASP-71,3.3029,3.8484,4.1286,1.2959,1.3433,1.4249,0.1058,0.2091,0.2763,0.145,0.5455,0.2802
HIP 9618,3.7102,5.7948,7.9628,0.9042,0.9424,0.976,-0.0321,0.0492,0.1084,0.445,2.0846,2.168
TOI-262,0.1375,0.7308,3.6876,0.9126,0.9463,0.9627,0.186,0.2655,0.3472,0.345,0.5933,2.9568
WASP-156,3.4876,5.0568,8.2498,0.8388,0.8543,0.8742,0.2746,0.3666,0.4325,0.34,1.5692,3.193
TOI-2421,7.528,7.9781,8.4917,1.0815,1.1062,1.1315,0.1776,0.2586,0.3172,0.204,0.4502,0.5135
WASP-33,0.1206,0.299,0.6235,1.5366,1.5905,1.6163,0.0589,0.1829,0.2315,0.457,0.1785,0.3245
WASP-117,5.5533,6.5721,7.7076,0.9701,1.0101,1.0497,-0.2067,-0.1149,-0.0182,0.544,1.0188,1.1356
HD 15337,5.4499,7.618,9.262,0.8363,0.8511,0.8687,0.0997,0.1402,0.1679,0.494,2.168,1.6441
TOI-1062,0.2962,1.6114,4.6406,0.8975,0.9361,0.9555,0.1428,0.2245,0.2691,0.348,1.3152,3.0292
HD 15906,0.5619,2.902,7.331,0.771,0.8014,0.8208,0.0387,0.1052,0.1515,0.397,2.34,4.4291
TOI-1601,3.2028,3.3899,4.0347,1.3252,1.423,1.4428,0.2407,0.3364,0.4442,0.31,0.1871,0.6448
WASP-99,4.6815,5.0259,5.3973,1.1702,1.1958,1.2181,0.0878,0.1515,0.2079,0.482,0.3444,0.3714
TOI-2443,1.199,3.5148,7.561,0.6418,0.6543,0.6626,-0.2058,-0.1691,-0.1485,0.442,2.3158,4.0462
HD 17156,3.7937,5.2271,6.0306,1.124,1.1659,1.237,0.1011,0.1861,0.2633,0.365,1.4334,0.8035
TOI-4641,1.7345,1.9347,2.1191,1.3649,1.4043,1.4401,-0.1792,-0.0679,0.024,0.578,0.2002,0.1844
HR 858,1.4632,2.1718,2.9895,1.1489,1.1934,1.2309,-0.0472,0.0602,0.1433,0.499,0.7086,0.8176
TOI-1736,9.1882,9.6593,9.9165,1.0178,1.0278,1.0391,0.2164,0.2601,0.2854,0.467,0.4711,0.2573
HD 18599,0.4098,1.8652,5.6764,0.8206,0.855,0.8727,0.0181,0.0868,0.133,0.397,1.4554,3.8113
LHS 1478,0.495,1.1669,3.1032,0.2555,0.257,0.2585,-0.2791,-0.2764,-0.271,0.543,0.6719,1.9363
TOI-1648,2.4261,5.0465,7.6035,0.8234,0.8442,0.8634,0.247,0.3039,0.3383,0.437,2.6204,2.557
TOI-1669,5.6619,7.3004,9.136,0.9466,0.9814,1.0089,0.2042,0.2969,0.3772,0.469,1.6385,1.8356
TOI-6041,0.2776,1.5128,4.8697,0.8773,0.9218,0.9461,0.0247,0.1114,0.1884,0.389,1.2351,3.3569
TOI-559,7.3882,8.421,9.4427,0.9502,0.9817,1.0151,-0.1151,-0.032,0.0473,0.543,1.0328,1.0218
TOI-5678,4.8252,6.8973,8.9276,0.8832,0.9132,0.9403,0.0222,0.0857,0.1304,0.484,2.0721,2.0303
TOI-257,3.0347,3.147,3.4132,1.344,1.3725,1.3957,0.105,0.1744,0.2738,0.394,0.1123,0.2662
TOI-3261,5.4244,7.5643,9.196,0.8432,0.8574,0.8755,0.195,0.2435,0.276,0.515,2.1399,1.6317
HD 20329,9.2015,9.7147,9.9353,0.9344,0.9393,0.9472,0.0442,0.065,0.0764,0.516,0.5132,0.2207
TOI-6109,3.9761,6.5967,8.8846,0.9135,0.9462,0.9841,0.0816,0.1678,0.2197,0.47,2.6206,2.2879
TOI-5076,6.754,8.6573,9.7088,0.7982,0.8068,0.8183,0.1612,0.205,0.2248,0.497,1.9033,1.0515
HD 21520,0.9986,2.4394,4.6162,0.9993,1.0563,1.0938,-0.0099,0.1014,0.1805,0.347,1.4408,2.1768
TOI-6038 A,5.5358,6.1463,6.8313,1.103,1.1472,1.1792,0.016,0.1426,0.2348,0.405,0.6105,0.685
GJ 143,1.3309,4.1047,7.2198,0.7249,0.7433,0.757,0.021,0.0911,0.1356,0.434,2.7737,3.1151
TOI-908,0.7939,2.6279,5.6194,0.9376,0.9925,1.0293,0.0037,0.104,0.1777,0.362,1.834,2.9915
BD+20 594,9.6041,9.8473,9.9616,0.9163,0.9187,0.9219,-0.0184,-0.0067,-0.0016,0.543,0.2433,0.1143
HD 22946,1.7682,3.0999,4.4924,1.0233,1.0742,1.1225,-0.1781,-0.0664,0.0282,0.426,1.3316,1.3925
TOI-6054,6.2351,6.71,7.1553,1.0524,1.0781,1.1316,-0.1995,-0.146,-0.012,0.374,0.4749,0.4453
WASP-140,0.0848,0.3312,1.3911,0.9147,0.9326,0.941,0.1278,0.1836,0.2332,0.457,0.2464,1.0599
HD 25463,2.5667,3.1102,3.8674,1.1487,1.2002,1.2393,-0.1212,-0.0072,0.0944,0.497,0.5434,0.7573
K2-174,0.5469,1.5714,3.5377,0.7084,0.7231,0.7323,0.0782,0.1573,0.2334,0.441,1.0245,1.9664
TOI-954,5.4817,5.9325,6.7179,1.1603,1.198,1.2219,0.1642,0.2715,0.3341,0.199,0.4508,0.7854
LP 890-9,0.6964,1.9759,6.0974,0.1343,0.1357,0.1369,-0.1694,-0.1544,-0.1357,0.464,1.2795,4.1215
TOI-444,0.2247,1.9614,6.2497,0.8078,0.8461,0.8718,-0.0286,0.0458,0.1259,0.359,1.7367,4.2883
HD 28109,2.6747,3.3064,3.9894,1.1632,1.2043,1.2479,-0.016,0.0768,0.2019,0.481,0.6318,0.683
XO-3,2.4105,2.7186,3.0746,1.1949,1.2286,1.2689,-0.2982,-0.2141,-0.0908,0.553,0.3081,0.356
WASP-79,1.6657,1.9325,2.2115,1.3179,1.3528,1.3892,-0.069,0.0264,0.1282,0.589,0.2667,0.2791
K2-136,0.6543,2.0282,6.8804,0.6842,0.7076,0.7176,-0.0087,0.0574,0.1065,0.424,1.3739,4.8521
TOI-2449,1.559,3.2027,4.9432,0.9947,1.0463,1.0948,-0.1353,-0.0303,0.0654,0.394,1.6438,1.7404
WASP-100,2.1069,2.3883,2.6213,1.3233,1.3668,1.4072,-0.1278,-0.0313,0.0855,0.448,0.2813,0.233
NGTS-23,6.0699,6.9805,7.9769,0.9535,0.9896,1.0255,-0.3428,-0.2372,-0.1486,0.56,0.9105,0.9965
TOI-2447,0.2328,1.0784,2.5704,1.0474,1.0856,1.1121,0.102,0.1861,0.2644,0.39,0.8456,1.492
WASP-82,2.6365,2.7304,2.8923,1.3963,1.4324,1.4557,0.0098,0.1159,0.2201,0.477,0.0938,0.1619
TOI-813,4.3855,4.7562,5.1498,1.1804,1.2165,1.2509,-0.0008,0.0985,0.186,0.418,0.3707,0.3936
K2-232,3.9297,5.1253,6.5015,1.0217,1.0683,1.1058,0.0091,0.1208,0.2118,0.473,1.1956,1.3761
TOI-871,0.5381,2.8239,7.2458,0.7429,0.7748,0.7968,-0.1239,-0.0527,0.0091,0.377,2.2858,4.4219
K2-291,0.0795,0.4768,2.0726,0.9556,0.9846,0.9985,0.0563,0.1285,0.1862,0.405,0.3973,1.5958
KELT-7,1.9309,2.1431,2.3594,1.3557,1.3939,1.4283,-0.0968,0.0101,0.1035,0.586,0.2122,0.2162
TOI-2458,6.3058,7.3739,8.2084,0.9786,1.0171,1.0646,-0.2139,-0.1105,0.0034,0.501,1.0681,0.8345
TOI-199,0.1557,0.963,3.3173,0.9015,0.9323,0.9473,0.197,0.2815,0.3373,0.391,0.8073,2.3543
HD 35843,2.525,4.4334,7.4459,0.8518,0.8985,0.9289,-0.2915,-0.1961,-0.1401,0.41,1.9084,3.0125
TOI-421,4.3313,6.3411,8.3486,0.8483,0.8708,0.891,0.0061,0.0567,0.0921,0.493,2.0098,2.0074
TOI-544,0.2885,1.5104,5.6733,0.6252,0.6405,0.6566,-0.2112,-0.1554,-0.0768,0.439,1.2218,4.163
TOI-431,0.1687,1.0223,4.427,0.795,0.8234,0.8366,0.1368,0.2272,0.2988,0.395,0.8536,3.4047
TOI-4603,2.3698,2.4657,2.6107,1.5746,1.6119,1.6278,0.3268,0.4177,0.4596,0.292,0.0958,0.1451
HD 39091,1.4992,3.1787,5.0835,1.0467,1.1023,1.1484,0.0124,0.1234,0.205,0.431,1.6795,1.9048
WASP-62,2.1703,3.1457,4.0195,1.1024,1.1468,1.1902,-0.0677,0.0415,0.1367,0.476,0.9753,0.8738
TOI-201,1.1507,1.7811,2.4288,1.2189,1.2558,1.2893,0.1556,0.2555,0.3459,0.488,0.6304,0.6477
TOI-480,2.7912,3.2075,3.726,1.2036,1.24,1.2741,0.0444,0.1252,0.2474,0.485,0.4163,0.5185
TOI-904,0.2131,0.4889,1.9704,0.5364,0.541,0.5454,-0.1147,-0.0893,-0.0551,0.451,0.2758,1.4816
TOI-2497,1.9919,2.1215,2.2455,1.5171,1.5599,1.593,0.0001,0.1149,0.1979,0.535,0.1296,0.124
TOI-286,0.1929,0.8545,3.3472,0.8366,0.8591,0.8691,0.0058,0.0558,0.087,0.407,0.6616,2.4927
KELT-2 A,4.1228,4.3621,4.6553,1.2066,1.2471,1.3048,-0.0708,0.0551,0.1276,0.332,0.2393,0.2932
TOI-712,0.1991,0.8793,3.873,0.7026,0.7232,0.7383,-0.1073,-0.0336,0.0529,0.435,0.6802,2.9937
HD 42813,6.7765,8.3102,9.4686,0.9167,0.9317,0.9487,0.2912,0.3389,0.3753,0.508,1.5337,1.1585
TOI-470,1.1575,3.5472,7.2598,0.8378,0.8719,0.8981,0.0888,0.1544,0.2203,0.37,2.3898,3.7126
TOI-880,1.6181,4.9945,8.621,0.8116,0.8459,0.8724,0.1807,0.2616,0.323,0.323,3.3764,3.6265
TOI-1710,0.1516,1.1275,3.1813,0.9879,1.0328,1.0598,0.0581,0.1515,0.226,0.347,0.9759,2.0539
WASP-63,7.9164,8.3278,9.7688,1.0601,1.0915,1.3938,0.1232,0.1787,0.2089,0.163,0.4114,1.441
TOI-5110,3.5197,3.6674,3.909,1.2976,1.3367,1.3672,-0.0337,0.0532,0.1319,0.166,0.1477,0.2416
TOI-700,0.2434,0.9525,4.5842,0.4268,0.4329,0.4373,-0.1299,-0.1044,-0.074,0.424,0.7091,3.6317
TOI-1694,4.9728,5.011,5.0553,0.8564,0.859,0.8611,0.2607,0.269,0.2762,0.5,0.0382,0.0443
WASP-101,0.8265,1.4005,2.0598,1.2338,1.2747,1.3084,0.1202,0.2269,0.3162,0.465,0.5741,0.6593
GJ 238,0.2391,0.8314,3.6333,0.4453,0.4506,0.4547,0.0105,0.0307,0.0572,0.436,0.5923,2.8019
TOI-628,4.0747,5.2592,6.5847,1.1104,1.1716,1.2217,0.171,0.2841,0.3502,0.353,1.1845,1.3255
WASP-64,9.0382,9.6094,9.8976,0.916,0.9213,0.9281,0.0343,0.0552,0.066,0.556,0.5712,0.2882
TOI-530,0.1816,0.3328,0.7257,0.5542,0.5638,0.5684,0.2306,0.2427,0.2646,0.459,0.1511,0.3929
TOI-1716,5.0225,6.2228,7.5846,1.0023,1.047,1.084,0.0047,0.1111,0.2003,0.497,1.2003,1.3618
TOI-500,6.9988,8.4485,9.5091,0.7277,0.7351,0.7412,0.166,0.2184,0.2556,0.546,1.4497,1.0606
TOI-5082,0.1176,1.4944,4.3876,0.9499,1.0078,1.0347,0.0068,0.1175,0.1857,0.37,1.3768,2.8932
WASP-121,1.3132,1.6212,2.0011,1.3064,1.3451,1.3732,0.0796,0.1896,0.2791,0.549,0.308,0.3799
HD 56414,0.6183,0.7709,0.9415,1.652,1.705,1.7513,-0.0966,0.016,0.1116,0.559,0.1526,0.1706
TOI-1221,5.1198,6.676,8.8955,0.9135,0.9535,0.9794,0.0437,0.1247,0.1839,0.471,1.5562,2.2195
KELT-14,7.9696,8.6737,9.2946,1.0437,1.0684,1.093,0.2165,0.2922,0.3806,0.415,0.7041,0.6209
TOI-481,4.6673,4.8261,4.9176,1.2296,1.2431,1.2472,0.3514,0.3765,0.3965,0.348,0.1588,0.0915
HAT-P-20,1.0117,3.3737,6.6754,0.7528,0.7693,0.7821,0.3498,0.4372,0.4848,0.412,2.362,3.3017
TOI-1011,5.7056,7.5503,9.2081,0.8814,0.9045,0.9267,0.0605,0.1186,0.1602,0.512,1.8447,1.6578
TOI-969,3.2373,5.2975,7.7437,0.7192,0.7353,0.746,0.128,0.2171,0.2941,0.51,2.0602,2.4462
TOI-2322,0.5972,2.0623,6.8952,0.6818,0.706,0.7176,-0.1087,-0.0462,0.0069,0.424,1.4651,4.8328
XO-2 N,5.6566,7.1533,8.7806,0.9346,0.9532,0.9698,0.3925,0.4914,0.559,0.455,1.4968,1.6273
KELT-15,6.1667,6.8618,7.4657,1.0542,1.0886,1.1306,-0.0624,0.0299,0.1404,0.467,0.6951,0.6039
HD 63433,0.11,1.0268,4.305,0.9182,0.9761,0.9982,-0.1126,-0.0119,0.0459,0.353,0.9168,3.2783
HD 63935,2.491,4.6436,7.2458,0.9166,0.9595,0.9969,0.0372,0.1182,0.2028,0.417,2.1526,2.6022
TOI-283,1.8037,4.793,8.1562,0.7976,0.8303,0.8671,-0.1448,-0.0815,-0.0014,0.375,2.9893,3.3632
TOI-2529,9.0724,9.3256,9.8352,1.0391,1.0643,1.0672,0.1768,0.2397,0.2475,0.254,0.2533,0.5095
TOI-2818,9.308,9.7073,9.9245,0.9642,0.9698,0.9764,0.0884,0.1135,0.126,0.547,0.3992,0.2172
GJ 3473,0.3452,1.6226,5.7848,0.3731,0.3789,0.385,0.0036,0.0367,0.0703,0.478,1.2775,4.1622
TOI-1728,0.1921,0.8154,3.7437,0.6368,0.6476,0.6566,0.1214,0.1723,0.2391,0.337,0.6233,2.9283
WASP-180 A,0.1153,0.629,1.7973,1.1684,1.2235,1.2471,0.0275,0.1448,0.2165,0.372,0.5136,1.1683
TIC 139270665,3.5545,4.4354,5.4871,1.0973,1.1441,1.1829,0.0681,0.168,0.2633,0.492,0.8808,1.0518
TOI-622,1.6934,2.1265,2.6039,1.2304,1.2688,1.3023,-0.0008,0.1067,0.2029,0.549,0.4331,0.4774
KELT-17,0.7301,0.9067,1.1571,1.5191,1.5713,1.6078,-0.0963,0.0181,0.1024,0.552,0.1766,0.2504
TOI-1478,4.9117,6.5496,8.5511,0.9303,0.9701,0.9984,0.0545,0.147,0.2084,0.46,1.6379,2.0015
K2-122,1.114,1.9087,4.5677,0.6266,0.6339,0.6383,0.2079,0.2408,0.2698,0.417,0.7947,2.659
K2-115,1.7883,3.7525,6.7195,0.8427,0.883,0.9135,-0.2614,-0.1829,-0.1152,0.436,1.9643,2.967
HIP 41378,2.7809,3.4085,4.2109,1.0963,1.1435,1.1772,-0.1777,-0.0637,0.0168,0.533,0.6276,0.8024
K2-330,3.4193,4.042,4.8238,1.1199,1.1684,1.2084,-0.1024,-0.0146,0.0636,0.509,0.6226,0.7818
TIC 172900988 Aa,3.1838,3.4054,3.5964,1.3564,1.3798,1.3951,0.2652,0.3668,0.4552,0.493,0.2215,0.191
HD 73583,0.2117,0.7568,3.8135,0.7043,0.7265,0.7398,-0.0773,0.0088,0.0949,0.421,0.5451,3.0567
HD 73344,0.3282,1.1574,2.4972,1.1408,1.197,1.2273,0.0832,0.2011,0.2679,0.36,0.8292,1.3398
HAT-P-13,3.9951,4.1971,4.8793,1.2513,1.3014,1.3069,0.4878,0.533,0.5753,0.332,0.2019,0.6822
K2-348,5.0909,7.3364,9.0836,0.826,0.84,0.8578,0.1719,0.2255,0.2633,0.516,2.2455,1.7472
WASP-84,0.1567,1.2027,4.8541,0.8562,0.8955,0.9115,0.0196,0.0953,0.133,0.37,1.046,3.6513
TOI-615,2.1546,2.351,2.4985,1.3119,1.3408,1.3767,-0.2099,-0.1224,-0.0202,0.582,0.1965,0.1474
G 9-40,0.3295,1.1363,4.7867,0.3139,0.3185,0.3223,-0.2109,-0.1955,-0.1723,0.469,0.8068,3.6504
TOI-2669,4.6625,4.9893,6.5291,1.2759,1.303,1.3595,0.1955,0.2381,0.2445,0.074,0.3268,1.5398
TOI-2545,5.9414,7.0593,8.3706,0.9203,0.9603,0.9917,-0.3329,-0.2283,-0.1536,0.552,1.1178,1.3114
EPIC 211945201,3.7573,4.6344,5.5658,1.0911,1.1363,1.1785,0.0078,0.1118,0.1988,0.512,0.8771,0.9314
HD 77946,3.3008,4.0511,5.0117,1.1177,1.1576,1.1904,0.1278,0.222,0.3079,0.511,0.7503,0.9606
K2-415,0.6657,1.9702,5.8615,0.1747,0.1759,0.1772,-0.2748,-0.2636,-0.2477,0.515,1.3045,3.8913
HD 80653,2.9571,3.9637,5.2233,1.0792,1.1213,1.1519,0.1711,0.2815,0.3642,0.476,1.0066,1.2597
K2-352,1.0962,2.7889,6.4123,0.903,0.9705,1.0037,-0.1339,-0.0182,0.0539,0.356,1.6927,3.6235
HD 80606,4.273,5.76,7.7638,0.9753,1.0137,1.0394,0.2588,0.3652,0.457,0.429,1.4869,2.0038
TOI-620,0.2401,0.7938,3.023,0.5669,0.573,0.5777,0.2145,0.2426,0.2817,0.421,0.5537,2.2293
TOI-1789,2.7908,2.986,3.1303,1.4273,1.4475,1.4658,0.2778,0.3769,0.4764,0.544,0.1952,0.1443
GJ 357,0.3089,1.323,5.1305,0.3627,0.3685,0.375,-0.2467,-0.2164,-0.1812,0.455,1.0141,3.8074
TOI-677,5.4423,6.3069,7.4579,1.0224,1.0675,1.1011,-0.0643,0.0399,0.1077,0.497,0.8647,1.151
TOI-1898,3.0738,3.4402,4.5057,1.159,1.2304,1.2704,-0.1474,-0.0751,0.0129,0.339,0.3664,1.0655
WASP-166,1.7571,2.5479,3.7735,1.126,1.1752,1.206,0.1195,0.2351,0.3124,0.443,0.7907,1.2256
GJ 367,0.1899,0.9443,4.2726,0.4699,0.4785,0.4837,-0.0561,-0.0154,0.0219,0.396,0.7543,3.3283
TOI-2000,5.6569,7.0072,8.4873,0.9918,1.0154,1.034,0.3851,0.4891,0.5556,0.44,1.3503,1.4801
MASCARA-4,0.8332,0.985,1.1414,1.6316,1.6794,1.7286,-0.1004,-0.0053,0.1097,0.566,0.1519,0.1564
KELT-3,3.3582,4.1377,4.572,1.1792,1.2143,1.2775,-0.0765,-0.0072,0.0825,0.28,0.7795,0.4343
HD 86226,2.0916,4.1081,6.3035,0.9636,1.0166,1.0713,-0.0926,0.0127,0.1189,0.396,2.0165,2.1954
TOI-5126,3.3082,4.0976,5.2628,1.0996,1.141,1.172,0.1086,0.2089,0.287,0.465,0.7894,1.1652
BD-14 3065 A,2.2954,2.4126,2.6962,1.3934,1.44,1.4778,-0.4516,-0.3282,-0.2301,0.329,0.1172,0.2836
GJ 1132,0.562,1.8883,6.0526,0.2026,0.2049,0.207,-0.2746,-0.2508,-0.2274,0.547,1.3263,4.1643
HD 88986,7.6466,8.3073,8.8641,1.0218,1.0579,1.0909,-0.0431,0.062,0.1742,0.38,0.6607,0.5568
LTT 3780.00,0.5705,2.0653,6.3076,0.4026,0.408,0.4129,0.0842,0.1159,0.1502,0.556,1.4948,4.2423
HD 89345,6.3235,6.8757,7.49,1.129,1.1496,1.1646,0.3473,0.4308,0.5414,0.336,0.5522,0.6143
TOI-1107,4.4847,4.8488,5.2607,1.1352,1.1692,1.2089,-0.1873,-0.0983,0.0076,0.455,0.364,0.412
TOI-815,1.547,4.2951,7.8843,0.7711,0.7943,0.8132,-0.0236,0.0183,0.0487,0.398,2.7481,3.5892
TOI-3362,2.3279,2.5487,2.7992,1.317,1.3547,1.3871,-0.0777,0.0283,0.1243,0.579,0.2208,0.2505
K2-321,1.3329,3.5786,7.2245,0.5949,0.6032,0.6096,0.2051,0.2452,0.2747,0.506,2.2456,3.646
TOI-1231,0.2584,1.291,4.863,0.479,0.4853,0.4904,-0.0832,-0.0511,-0.017,0.432,1.0326,3.572
TOI-1772,0.3231,1.5816,3.9752,0.9683,1.0157,1.0439,0.0389,0.1326,0.2029,0.363,1.2584,2.3936
TOI-837,5.6454,7.513,9.0775,0.9198,0.9553,0.9962,-0.0764,0.0239,0.1135,0.507,1.8676,1.5646
KELT-4 A,5.9472,6.3648,6.8925,1.0649,1.0992,1.1462,-0.2297,-0.1295,-0.0131,0.321,0.4176,0.5278
TOI-1260,0.5247,1.6543,6.3311,0.6581,0.6755,0.6845,-0.0622,-0.0106,0.0292,0.429,1.1296,4.6768
TOI-669,5.5974,7.3794,9.0894,0.9031,0.9323,0.9599,0.0122,0.0793,0.1307,0.507,1.782,1.71
HD 307842,6.6236,8.2763,9.4427,0.8529,0.8679,0.8863,-0.0599,-0.0188,0.0102,0.527,1.6527,1.1665
TOI-733,2.7371,5.1938,8.0886,0.885,0.9347,0.9776,-0.1205,-0.0226,0.0596,0.383,2.4568,2.8948
OGLE-TR-211,9.5452,9.7644,9.9641,1.0409,1.0487,1.0685,0.1769,0.2154,0.2548,0.312,0.2192,0.1997
WASP-127,9.6956,9.8748,9.9656,0.9594,0.9644,0.9687,-0.0853,-0.0614,-0.0483,0.561,0.1793,0.0908
KELT-11,3.6068,3.8189,4.1036,1.3371,1.3465,1.3773,0.0954,0.1634,0.2586,0.162,0.2121,0.2847
TOI-5398,0.7252,2.017,3.9923,1.0322,1.0889,1.1262,0.0062,0.1219,0.2042,0.397,1.2918,1.9753
KELT-24,2.6307,2.9564,3.2495,1.2466,1.275,1.3079,0.0171,0.0931,0.2037,0.501,0.3257,0.2931
HD 93963 A,0.2972,1.635,3.5148,1.0309,1.0834,1.1243,0.0139,0.1195,0.211,0.346,1.3377,1.8799
K2-261,8.3726,9.114,9.5507,1.0742,1.0823,1.1123,0.355,0.4178,0.4692,0.203,0.7414,0.4367
TOI-2005,1.6847,1.8048,1.9262,1.5315,1.5729,1.6134,-0.0991,0.001,0.1044,0.581,0.1201,0.1215
TOI-654,0.2933,1.3741,5.2182,0.4504,0.4566,0.4619,0.0217,0.0604,0.096,0.474,1.0808,3.8441
TOI-1776,4.2967,6.4246,8.5387,0.8725,0.9103,0.9445,-0.202,-0.1212,-0.0666,0.472,2.128,2.1141
HD 95338,1.2424,3.6985,7.0589,0.8594,0.8915,0.9151,0.1075,0.1714,0.2154,0.352,2.4561,3.3604
WASP-34,7.267,8.6025,9.5237,0.9258,0.9448,0.9691,0.0051,0.0605,0.1067,0.567,1.3355,0.9212
TOI-5108,4.786,5.8501,7.3243,1.0505,1.0989,1.1348,0.1219,0.2421,0.3207,0.468,1.0641,1.4743
OGLE2-TR-L9,7.9536,8.4391,9.1866,1.0043,1.0427,1.0659,-0.1198,-0.0264,0.0615,0.361,0.4855,0.7475
TOI-1799,4.0769,6.1448,8.3737,0.8969,0.9369,0.9715,-0.0825,0.0082,0.0667,0.443,2.0679,2.2289
OGLE-TR-182,8.6902,9.55,9.8746,1.0112,1.0169,1.0333,0.4589,0.4969,0.5145,0.446,0.8598,0.3247
TOI-1194,2.8506,4.9122,7.4394,0.9331,0.9681,0.9952,0.2844,0.3851,0.4666,0.382,2.0616,2.5272
HD 97658,0.1512,0.9904,5.3185,0.779,0.8147,0.8266,-0.2061,-0.1406,-0.1024,0.357,0.8392,4.3281
K2-36,0.2161,1.5836,5.4667,0.7476,0.7737,0.7884,-0.0596,0.0159,0.0715,0.387,1.3675,3.8831
K2-50,0.7171,2.399,6.452,0.6592,0.674,0.6837,-0.0651,-0.0215,0.0185,0.454,1.6819,4.053
TOI-5704,0.6371,2.3551,5.273,0.7823,0.7978,0.8095,0.3689,0.4645,0.5465,0.401,1.718,2.9179
TOI-5720,0.3136,1.3943,5.1326,0.3858,0.3925,0.3983,-0.0832,-0.0505,-0.0183,0.489,1.0807,3.7383
K2-164,5.9882,6.3507,7.0845,1.0523,1.0868,1.1233,-0.3156,-0.2176,-0.1288,0.192,0.3625,0.7338
K2-3,0.2163,0.6701,2.6632,0.536,0.5408,0.5453,-0.295,-0.2702,-0.2353,0.472,0.4538,1.9931
K2-46,6.4314,7.2103,7.8272,0.9601,0.991,1.0306,-0.4291,-0.3307,-0.2183,0.554,0.7789,0.6169
HIP 56998,0.2464,0.9724,3.699,0.6591,0.673,0.6825,-0.3378,-0.2796,-0.2253,0.456,0.7261,2.7265
GJ 436,0.2309,1.2684,5.0321,0.4448,0.4527,0.4582,0.0166,0.0496,0.081,0.439,1.0375,3.7636
TOI-776,0.5547,1.9709,5.9499,0.5276,0.5347,0.5399,-0.1341,-0.1008,-0.0739,0.493,1.4162,3.979
HATS-56,3.0332,3.1318,3.2748,1.4312,1.4542,1.471,0.186,0.2518,0.3094,0.405,0.0987,0.143
HD 106315,2.7725,3.435,4.1384,1.0545,1.0921,1.1261,-0.3895,-0.2862,-0.1982,0.559,0.6625,0.7034
TOI-4551,8.0773,9.1795,9.4012,1.1412,1.3277,2.2311,0.1946,0.2387,0.2753,0.076,1.1022,0.2217
TOI-1279,2.4086,5.0037,8.1521,0.8307,0.8702,0.9046,-0.1373,-0.0638,0.0054,0.406,2.5951,3.1484
K2-223,2.8704,4.5988,7.1278,0.9667,1.0156,1.05,0.131,0.2425,0.3192,0.415,1.7284,2.529
EPIC 229004835,2.5782,4.6934,7.5608,0.9072,0.9709,1.0157,-0.2002,-0.0703,0.0077,0.377,2.1152,2.8674
TOI-1451,3.1146,5.2594,7.7463,0.9282,0.9845,1.0285,-0.0721,0.0496,0.1298,0.404,2.1448,2.487
K2-225,7.1369,7.6556,8.2151,1.1071,1.123,1.1323,0.3986,0.4611,0.5559,0.329,0.5188,0.5595
HD 108236,2.7988,5.3405,8.2416,0.8363,0.8776,0.9153,-0.3075,-0.2191,-0.1543,0.414,2.5418,2.9011
K2-229,0.0723,0.392,2.1507,0.8339,0.8551,0.8661,-0.0769,-0.0079,0.0352,0.396,0.3197,1.7587
TOI-757,1.6015,3.9229,7.1938,0.7837,0.8139,0.8359,-0.239,-0.1839,-0.1412,0.398,2.3214,3.2709
K2-257,0.6211,1.7688,5.5724,0.5158,0.5222,0.5289,-0.0844,-0.0538,-0.0118,0.472,1.1477,3.8036
WASP-107,0.2677,1.1601,5.0246,0.6741,0.6928,0.7069,-0.0298,0.0343,0.1145,0.426,0.8924,3.8645
HD 109833,0.2911,1.7995,4.3637,0.9669,1.0302,1.0641,-0.108,0.0106,0.0624,0.329,1.5084,2.5642
HD 110067,1.6816,4.2261,7.9403,0.7851,0.8204,0.8464,-0.2113,-0.1506,-0.0972,0.406,2.5446,3.7142
HD 110113,0.2786,1.3611,4.4113,0.9756,1.0385,1.0644,0.0598,0.1732,0.24,0.352,1.0825,3.0502
WASP-41,0.6577,2.607,5.7913,0.9027,0.9468,0.9742,0.0648,0.143,0.19,0.375,1.9493,3.1843
TOI-1136,0.1199,0.6831,2.7514,0.9968,1.0418,1.0628,-0.0076,0.0765,0.1451,0.413,0.5632,2.0683
HD 110082,0.1045,0.5935,1.7711,1.1482,1.1987,1.2242,0.0127,0.1107,0.1846,0.381,0.4891,1.1776
TOI-1135,3.489,4.8712,6.3907,1.0096,1.0615,1.1076,-0.0998,0.0152,0.1123,0.457,1.3822,1.5194
TOI-763,3.0769,5.1673,8.2014,0.8696,0.9136,0.9485,-0.0748,0.0113,0.0892,0.419,2.0904,3.0341
WASP-108,4.8665,6.0907,7.3127,1.0284,1.0701,1.1106,0.0503,0.1469,0.2467,0.494,1.2242,1.222
KELT-6,5.0535,5.4619,5.9856,1.0569,1.0978,1.131,-0.3615,-0.2598,-0.166,0.462,0.4084,0.5236
WASP-167,1.5965,1.755,1.9088,1.4671,1.4993,1.5343,-0.0124,0.0702,0.1661,0.593,0.1586,0.1538
TOI-1823,1.6728,3.8969,7.2531,0.8138,0.8365,0.8513,0.2819,0.34,0.3756,0.389,2.2242,3.3561
TOI-1173,6.0551,7.7866,9.2531,0.8938,0.9121,0.9321,0.1799,0.2327,0.272,0.529,1.7315,1.4665
TOI-1824,2.1007,4.9991,8.497,0.8358,0.8737,0.9001,0.1127,0.192,0.2522,0.381,2.8984,3.4979
TOI-778,2.0229,2.2569,2.5197,1.3184,1.358,1.3896,-0.0925,0.0168,0.1061,0.57,0.2339,0.2628
TOI-1249,1.0639,2.8833,5.9763,0.9591,1.0129,1.0405,0.2265,0.3632,0.4227,0.311,1.8194,3.093
TOI-1807,0.1986,1.4309,5.7297,0.7288,0.7623,0.7765,-0.0285,0.0895,0.1626,0.359,1.2323,4.2988
TOI-1842,3.1514,3.9576,4.1482,1.2982,1.3173,1.4061,0.1856,0.1981,0.2173,0.245,0.8062,0.1905
K2-277,0.4726,1.9625,5.1668,0.9479,1.0102,1.0373,0.023,0.1379,0.1997,0.337,1.49,3.2043
TOI-1794,9.4638,9.82,9.9504,0.9912,0.9961,1.003,0.1371,0.1659,0.1801,0.502,0.3562,0.1304
HD 118203,4.2243,4.5925,4.8115,1.2456,1.2677,1.3406,0.1587,0.2273,0.3776,0.193,0.3682,0.2191
K2-128,1.5824,3.9588,7.5064,0.6657,0.6792,0.6894,-0.1712,-0.1379,-0.1168,0.459,2.3764,3.5476
K2-190,9.5172,9.7861,9.9511,0.8789,0.8814,0.8848,-0.0592,-0.0476,-0.0419,0.552,0.2689,0.165
K2-292,4.8438,6.5642,8.686,0.9444,0.9967,1.0363,-0.0188,0.1014,0.19,0.46,1.7205,2.1218
WASP-54,5.8731,6.2148,6.7235,1.0393,1.0744,1.1045,-0.3767,-0.2628,-0.1713,0.369,0.3417,0.5087
TOI-3493,6.558,7.7875,9.2353,0.9646,1.0076,1.0455,-0.0514,0.0477,0.1379,0.496,1.2294,1.4478
HAT-P-3,2.1771,4.7957,7.8094,0.8631,0.8932,0.9179,0.2618,0.3402,0.3987,0.376,2.6187,3.0136
HIP 67522,9.0067,9.5962,9.9022,0.989,0.9997,1.011,0.069,0.118,0.1415,0.535,0.5896,0.306
TOI-5713,0.461,1.6549,5.8466,0.2929,0.2968,0.3001,-0.0609,-0.0413,-0.0197,0.493,1.1939,4.1917
K2-199,0.8074,2.4254,6.407,0.7099,0.734,0.7452,-0.0304,0.0599,0.1164,0.421,1.6179,3.9816
WASP-131,7.2519,7.6251,8.3925,1.0019,1.0219,1.0543,-0.3044,-0.2379,-0.1348,0.248,0.3732,0.7674
TOI-4559,0.2291,0.8086,3.9886,0.4393,0.4454,0.4501,-0.0709,-0.0365,-0.0048,0.445,0.5795,3.1801
TOI-1798,0.2579,1.2454,5.641,0.8259,0.869,0.8863,0.0524,0.1296,0.1935,0.359,0.9875,4.3956
WASP-185,8.2432,8.7201,9.3318,0.9982,1.0383,1.0648,-0.0878,0.0126,0.0928,0.289,0.4769,0.6117
TOI-1273,7.772,8.9199,9.4195,0.9451,0.9575,0.9755,0.112,0.1649,0.1969,0.527,1.148,0.4995
TOI-1180,0.2311,1.0365,4.6047,0.7438,0.7703,0.785,-0.0142,0.0702,0.1462,0.404,0.8054,3.5682
WASP-16,9.2677,9.7372,9.9309,0.9358,0.9398,0.9457,0.1285,0.1479,0.1569,0.549,0.4696,0.1936
NGTS-2,3.9851,4.4555,5.0547,1.1531,1.2023,1.2792,-0.1629,-0.0697,0.033,0.331,0.4704,0.5992
KELT-18,1.8522,2.0071,2.1765,1.4284,1.4624,1.4976,-0.0219,0.0657,0.1729,0.583,0.1549,0.1694
TOI-1416,1.7176,3.9029,7.6926,0.8011,0.8318,0.8505,0.088,0.1416,0.1911,0.388,2.1853,3.7897
TOI-2076,0.1066,0.5636,3.3382,0.8247,0.8543,0.8678,-0.0525,0.0202,0.0851,0.401,0.457,2.7745
WASP-14,1.4486,2.0489,2.7118,1.1735,1.2155,1.2533,-0.0814,0.0171,0.1104,0.521,0.6003,0.6629
NGTS-5,0.0871,0.2253,0.8391,0.8085,0.8164,0.8247,-0.0159,0.0178,0.0705,0.49,0.1382,0.6138
Qatar-6,0.1751,0.8067,4.2238,0.7816,0.8096,0.822,-0.0413,0.0349,0.0886,0.405,0.6316,3.4171
HAT-P-27,7.7629,9.0056,9.7662,0.8871,0.8937,0.9046,0.3722,0.4171,0.4406,0.549,1.2427,0.7605
TOI-836,2.9984,5.8402,8.6339,0.6381,0.6461,0.6545,-0.171,-0.149,-0.1383,0.49,2.8418,2.7937
WASP-189,0.773,0.8612,0.9449,1.8831,1.924,1.9574,0.1806,0.2834,0.3847,0.553,0.0882,0.0836
TOI-1860,1.0061,3.5835,6.4581,0.9145,0.9632,1.01,-0.0458,0.0522,0.1481,0.37,2.5774,2.8746
TOI-905,8.4652,9.3704,9.8267,0.9085,0.9144,0.9239,0.2396,0.2677,0.2837,0.557,0.9052,0.4563
HD 135694,8.6861,9.3801,9.7874,0.919,0.9281,0.9399,-0.0358,0.0003,0.0204,0.526,0.694,0.4073
HAT-P-4,3.8352,4.0884,5.1259,1.2065,1.2482,1.2666,0.2452,0.2933,0.3576,0.385,0.2532,1.0375
HD 136352,2.9456,5.536,8.1702,0.8915,0.9393,0.984,-0.2597,-0.1608,-0.1065,0.435,2.5904,2.6342
K2-233,0.4313,2.4208,6.0157,0.7517,0.776,0.7924,-0.058,0.0036,0.0453,0.409,1.9895,3.5949
K2-406,3.7323,5.8256,8.3727,0.8987,0.9442,0.9798,-0.0664,0.0261,0.0904,0.446,2.0932,2.5472
HD 137496,9.2709,9.3181,9.3972,1.0318,1.035,1.0364,0.1065,0.1145,0.1185,0.442,0.0472,0.079
KELT-23 A,3.3294,5.7625,7.9718,0.895,0.9412,0.9961,-0.2185,-0.128,-0.013,0.426,2.433,2.2093
TOI-1411,0.1662,0.6747,4.2967,0.6533,0.6702,0.6823,-0.0733,-0.004,0.0721,0.406,0.5085,3.622
K2-286,0.1882,0.6877,3.299,0.6099,0.6224,0.6308,-0.1178,-0.0612,-0.0088,0.473,0.4996,2.6113
TOI-2019,6.0815,6.5,7.1857,1.1457,1.1647,1.1748,0.3581,0.484,0.5392,0.326,0.4185,0.6857
TOI-913,0.8292,3.1002,7.7962,0.7406,0.7737,0.7968,-0.1652,-0.0947,-0.031,0.38,2.271,4.6961
K2-290,8.4848,9.0646,9.699,0.9782,1.0196,1.0476,-0.1561,-0.0541,0.0338,0.226,0.5797,0.6345
TOI-2048,0.0956,0.3606,1.7916,0.8169,0.8353,0.8453,-0.0039,0.0688,0.1245,0.478,0.265,1.431
GJ 3929,0.4791,1.4889,5.6245,0.3358,0.3411,0.3469,-0.0706,-0.0462,-0.018,0.552,1.0098,4.1356
TOI-1739,0.5531,2.1407,6.4445,0.7859,0.8164,0.8305,0.0928,0.1623,0.2021,0.4,1.5875,4.3038
XO-1,0.3635,2.1983,5.482,0.9244,0.9816,1.0157,-0.0279,0.075,0.1367,0.312,1.8349,3.2837
TOI-1439,6.0457,6.6578,7.265,1.1066,1.1405,1.1697,0.1387,0.2534,0.3441,0.423,0.6121,0.6072
TOI-1751,8.5959,9.2829,9.7924,0.9127,0.9344,0.9554,-0.379,-0.308,-0.2491,0.502,0.687,0.5095
WASP-38,4.9687,5.6906,6.3644,1.0717,1.1149,1.1532,-0.1154,-0.0079,0.0893,0.502,0.722,0.6738
HAT-P-2,1.9669,2.172,2.3834,1.346,1.3749,1.4029,0.0806,0.178,0.2835,0.575,0.2051,0.2113
K2-31,5.8726,7.9988,9.3838,0.8719,0.8873,0.9085,0.1385,0.1876,0.2186,0.512,2.1262,1.385
TOI-1836,3.7911,4.6006,5.228,1.1145,1.168,1.2271,-0.1934,-0.072,0.0085,0.354,0.8095,0.6274
HD 149026,2.5282,3.0497,3.4615,1.2252,1.2525,1.2783,0.2151,0.3159,0.4166,0.533,0.5215,0.4118
TOI-2260,0.0771,0.3107,1.4349,0.9556,0.9755,0.9862,0.1219,0.1812,0.2447,0.467,0.2336,1.1242
TOI-1269,0.3736,1.8458,6.5811,0.8522,0.9171,0.9426,-0.1127,-0.0071,0.0586,0.315,1.4722,4.7354
K2-237,2.7078,3.6599,4.8815,1.1131,1.1539,1.184,0.2365,0.342,0.4491,0.461,0.9521,1.2216
HD 152843,5.0299,5.7505,6.4704,1.0337,1.0751,1.1189,-0.2594,-0.1616,-0.0518,0.513,0.7206,0.7199
TOI-1244,0.8615,2.497,5.5585,0.7239,0.7473,0.7623,-0.0162,0.0762,0.1503,0.434,1.6355,3.0615
HAT-P-67,2.1968,2.3122,2.5546,1.4633,1.5273,1.5633,-0.1827,-0.0798,0.0206,0.343,0.1154,0.2424
TOI-1346,0.1672,1.208,4.3629,0.806,0.8302,0.8442,0.0296,0.0901,0.1256,0.4,1.0409,3.1548
TOI-1295,2.0999,2.3462,2.5352,1.3458,1.3686,1.3968,0.1534,0.2456,0.3553,0.561,0.2464,0.189
TOI-1296,7.8005,8.4365,8.9895,1.0764,1.0924,1.112,0.3219,0.3801,0.486,0.312,0.636,0.5531
TOI-4633,8.5909,9.2618,9.7285,1.0303,1.0515,1.0708,0.2154,0.3015,0.3585,0.45,0.6709,0.4667
TOI-4582,4.6463,4.8917,5.2636,1.2392,1.2638,1.2925,0.0976,0.1767,0.273,0.119,0.2455,0.3719
TOI-2128,6.9081,8.2803,9.2144,0.9283,0.9527,0.9971,-0.1965,-0.1355,-0.0325,0.521,1.3722,0.9341
TOI-1742,5.1373,6.4986,8.2529,0.9895,1.0313,1.063,0.1372,0.2427,0.3177,0.499,1.3614,1.7543
TOI-1743,0.4076,0.5068,0.7267,0.3419,0.3437,0.3454,0.0712,0.0743,0.0813,0.57,0.0991,0.2199
TOI-1846,0.243,0.3077,0.4067,0.4385,0.4422,0.4457,0.0199,0.0225,0.0278,0.585,0.0647,0.099
TOI-4600,1.5459,4.0113,7.6466,0.8294,0.864,0.8895,0.1165,0.1906,0.2647,0.398,2.4655,3.6353
TOI-2141,5.4991,7.2625,9.0499,0.8739,0.904,0.9302,-0.1248,-0.0588,-0.0095,0.505,1.7634,1.7874
GJ 1214,0.9392,2.6021,6.318,0.2052,0.2064,0.2076,0.0911,0.094,0.1009,0.559,1.663,3.7159
TOI-1670,1.8945,2.689,3.4497,1.1509,1.1934,1.2353,-0.0077,0.0954,0.1969,0.497,0.7945,0.7607
TOI-1248,2.26,4.6651,7.8344,0.868,0.9027,0.9314,0.1828,0.265,0.3346,0.401,2.4052,3.1693
HAT-P-14,2.2502,2.4859,2.772,1.2984,1.3335,1.3628,-0.0017,0.1001,0.2022,0.562,0.2357,0.2861
TOI-2088,0.7735,2.9016,5.4119,0.8449,0.8684,0.8862,0.3214,0.4143,0.4645,0.349,2.1281,2.5103
TOI-2145,2.0544,2.1688,2.2723,1.6099,1.6409,1.6705,0.1885,0.2785,0.3844,0.507,0.1144,0.1035
TOI-6086,0.6019,0.9218,2.1976,0.2598,0.2611,0.2623,-0.0396,-0.0384,-0.0354,0.55,0.3198,1.2758
KELT-12,2.7251,2.8346,2.9496,1.4205,1.449,1.4805,0.0666,0.145,0.2709,0.45,0.1095,0.115
TOI-1184,0.2072,0.8539,3.7709,0.6988,0.7185,0.7324,-0.1043,-0.0403,0.0472,0.421,0.6467,2.917
TOI-1691,5.1025,7.0726,9.0542,0.9189,0.96,0.9949,0.0067,0.1016,0.1725,0.46,1.9701,1.9816
TOI-1117,3.5497,5.2682,7.5496,0.9471,0.9911,1.0238,0.0862,0.18,0.2569,0.43,1.7185,2.2814
HAT-P-5,1.8687,3.2932,4.971,1.0429,1.0901,1.1294,0.1443,0.2491,0.3527,0.413,1.4245,1.6778
TOI-4465,8.792,9.4535,9.8557,0.8998,0.9064,0.9147,0.0383,0.0669,0.0842,0.553,0.6615,0.4022
TOI-2158,9.2945,9.636,9.9002,1.0249,1.0295,1.0358,0.5446,0.5746,0.5924,0.503,0.3415,0.2642
XO-7,2.7377,3.1091,3.602,1.2433,1.2649,1.2761,0.3459,0.4552,0.5471,0.517,0.3715,0.4929
TOI-2180,6.7634,7.5109,8.1108,1.0792,1.1099,1.143,0.1429,0.235,0.3555,0.352,0.7475,0.5999
WASP-3,2.6251,3.2173,3.9322,1.1345,1.1783,1.2138,-0.0798,0.0213,0.1093,0.534,0.5923,0.7149
TOI-4463 A,8.5904,9.2781,9.7727,0.9643,0.972,0.9814,0.3238,0.3609,0.3875,0.567,0.6876,0.4946
TOI-1859,1.66,2.1515,2.7735,1.2148,1.2582,1.2899,0.0388,0.1528,0.2408,0.53,0.4914,0.622
TOI-1347,0.0962,0.5171,2.5855,0.8943,0.9241,0.9393,-0.0384,0.0314,0.0955,0.44,0.4209,2.0685
Kepler-1386,8.378,9.2332,9.7892,0.9387,0.9475,0.9589,0.1879,0.2279,0.251,0.564,0.8552,0.5561
TOI-1438,0.2395,1.2562,5.2967,0.8472,0.8886,0.9053,0.0404,0.1122,0.1583,0.337,1.0167,4.0405
TOI-2295,6.0555,7.1739,8.2879,1.0588,1.096,1.1252,0.2523,0.3712,0.446,0.399,1.1183,1.114
Kepler-144,4.0186,5.1212,6.2101,0.9943,1.034,1.0806,-0.285,-0.1925,-0.0847,0.507,1.1026,1.089
Kepler-601,1.4099,4.5342,8.1631,0.7847,0.8162,0.8435,-0.0425,0.0248,0.0886,0.395,3.1243,3.6289
Kepler-1912,0.1006,0.6612,2.7818,0.9842,1.0231,1.0394,0.0618,0.1279,0.1711,0.38,0.5606,2.1206
Kepler-653,8.3916,9.1932,9.7469,0.9902,1.0004,1.0143,0.2954,0.339,0.3678,0.538,0.8016,0.5537
TOI-1749,0.3208,1.4108,5.0924,0.5444,0.553,0.5596,-0.2697,-0.2327,-0.1928,0.482,1.0901,3.6815
Kepler-410 A,5.4821,6.1636,7.0338,1.0734,1.1221,1.1585,-0.086,0.0342,0.1285,0.418,0.6815,0.8702
Kepler-1651,6.7376,6.7606,6.7821,0.508,0.5091,0.5104,-0.0523,-0.047,-0.0403,0.574,0.0229,0.0216
Kepler-37,1.2759,3.6764,7.346,0.7966,0.8339,0.8602,-0.2546,-0.1855,-0.1295,0.363,2.4005,3.6697
Kepler-1656,3.7072,5.5565,7.9576,0.9521,0.9999,1.0372,0.1035,0.2206,0.3057,0.428,1.8493,2.4012
KELT-10,7.3154,8.4595,9.5128,0.9682,0.9979,1.0254,0.0706,0.1501,0.2148,0.511,1.144,1.0534
Kepler-506,1.5604,2.455,3.5485,1.1133,1.1609,1.1948,0.0269,0.1393,0.2094,0.448,0.8946,1.0935
Kepler-408,5.64,6.6509,7.8119,0.9655,1.009,1.0482,-0.2928,-0.1739,-0.081,0.509,1.011,1.1609
Kepler-26,0.3377,1.4084,5.561,0.5982,0.6118,0.6228,-0.1632,-0.1102,-0.0465,0.482,1.0707,4.1526
Kepler-381,3.2842,3.9827,4.6626,1.0963,1.1444,1.1912,-0.295,-0.181,-0.1061,0.514,0.6985,0.6799
Kepler-815,4.5916,5.2215,6.9517,1.181,1.2464,1.2759,-0.0019,0.0533,0.1052,0.04,0.6299,1.7302
Kepler-204,3.4804,5.313,7.3533,0.9366,0.9783,1.0187,-0.0277,0.0669,0.1597,0.448,1.8326,2.0403
Kepler-1266,0.1333,0.7157,3.9375,0.7531,0.7785,0.7925,-0.1494,-0.0613,0.015,0.419,0.5824,3.2218
Kepler-801,0.6809,2.0291,6.1655,0.6658,0.6846,0.6922,-0.1164,-0.0644,-0.0351,0.458,1.3482,4.1364
Kepler-1349,6.966,7.7895,8.8015,1.006,1.0481,1.0808,-0.0516,0.0681,0.1491,0.486,0.8236,1.012
TOI-1130,1.9082,4.0167,6.9834,0.6998,0.7132,0.7221,0.1215,0.1849,0.2374,0.476,2.1085,2.9667
Kepler-1535,7.5287,8.6674,9.566,0.9418,0.9611,0.9832,0.0259,0.0862,0.1313,0.568,1.1387,0.8986
Kepler-1488,6.1827,6.5503,7.2582,1.0934,1.1343,1.1698,-0.0788,0.0479,0.1322,0.15,0.3676,0.7079
Kepler-978,7.7079,8.7294,9.5908,0.9604,0.9886,1.0199,-0.0629,0.0222,0.1006,0.557,1.0215,0.8614
Kepler-1270,7.3071,7.9243,8.677,1.1526,1.2579,1.8164,0.0838,0.1095,0.1211,0.061,0.6172,0.7527
TrES-2,9.0447,9.5854,9.8889,0.9121,0.919,0.9271,-0.0515,-0.0231,-0.0058,0.546,0.5408,0.3034
KOI-13,1.4238,1.4999,1.5928,1.7163,1.7571,1.7817,0.1371,0.2569,0.3254,0.568,0.0761,0.0929
Kepler-21,3.0883,3.2878,4.218,1.2442,1.3301,1.3567,-0.0387,0.0346,0.0891,0.333,0.1996,0.9302
K2-382,3.8885,6.6273,8.9218,0.844,0.8673,0.8931,0.0369,0.0838,0.1118,0.463,2.7388,2.2945
HIP 94235,3.9725,5.4859,7.2081,0.9681,1.0173,1.0599,-0.0994,0.012,0.1046,0.487,1.5134,1.7222
Kepler-50,3.635,4.6028,5.3378,1.1332,1.1818,1.2511,-0.0683,0.028,0.1222,0.347,0.9678,0.735
Kepler-195,0.2614,1.5766,5.6793,0.8342,0.8684,0.889,0.0025,0.0776,0.145,0.384,1.3151,4.1028
Kepler-65,3.6019,4.5347,5.4118,1.1336,1.1793,1.2319,0.0743,0.1651,0.2329,0.38,0.9328,0.8771
Kepler-126,3.9214,4.6972,5.4528,1.0559,1.0975,1.1439,-0.2573,-0.16,-0.0575,0.522,0.7758,0.7556
Kepler-250,1.3206,3.6318,7.4686,0.7941,0.8218,0.84,0.0262,0.0935,0.1381,0.426,2.3112,3.8368
Kepler-278,7.2744,8.0606,9.3042,1.1654,1.2324,1.4929,0.2547,0.2877,0.3377,0.04,0.7863,1.2436
Kepler-1318,0.401,1.6356,5.3166,0.6965,0.7145,0.726,-0.0317,0.0411,0.1083,0.428,1.2346,3.681
Kepler-570,0.1144,0.6884,3.2141,0.8796,0.9089,0.9256,0.037,0.1111,0.1753,0.378,0.574,2.5257
TOI-2337,6.756,7.9504,8.7781,1.17,1.2253,1.6322,0.4424,0.4842,0.5194,0.051,1.1944,0.8277
HATS-9,9.1452,9.5499,9.8566,1.0489,1.0567,1.0656,0.4443,0.4797,0.5109,0.423,0.4046,0.3067
Kepler-1069,9.5227,9.6487,9.9706,1.0126,1.0311,1.0336,0.1147,0.1826,0.1885,0.385,0.126,0.3219
Kepler-68,6.4438,7.5122,8.8167,0.9879,1.0317,1.0651,0.0243,0.1306,0.218,0.5,1.0684,1.3045
Kepler-1704,7.5221,7.9055,8.3958,1.0751,1.101,1.1218,0.15,0.2388,0.3059,0.312,0.3834,0.4903
Kepler-906,1.5499,3.4774,5.7463,0.9555,1.0104,1.057,-0.1615,-0.0573,0.0268,0.394,1.9276,2.2688
Kepler-93,7.3085,8.6289,9.6051,0.8674,0.8825,0.8999,-0.1128,-0.069,-0.0415,0.555,1.3204,0.9763
Kepler-416,2.092,4.9346,7.4918,0.9276,0.9713,1.0141,0.0488,0.1383,0.1917,0.368,2.8426,2.5572
Kepler-376,9.2981,9.6976,9.905,0.9784,0.988,1.001,-0.0406,0.0004,0.0336,0.522,0.3995,0.2074
Kepler-1699,1.7737,1.9021,2.239,1.685,1.7547,1.8209,0.1413,0.2038,0.2385,0.042,0.1283,0.3369
Kepler-625,7.0288,7.9328,8.9886,1.016,1.061,1.0918,0.0254,0.1486,0.2208,0.482,0.9039,1.0559
TOI-2010,4.6669,6.597,8.5774,0.9589,1.0056,1.048,0.0626,0.1819,0.2874,0.445,1.9301,1.9804
HAT-P-7,2.3711,2.538,2.6523,1.4241,1.4473,1.4777,0.1424,0.2309,0.3448,0.518,0.1669,0.1143
Kepler-1869,1.4689,3.387,6.2179,0.9189,0.9736,1.0102,-0.1111,0.0022,0.0638,0.391,1.9181,2.831
Kepler-1902,0.2487,0.8009,3.2548,0.6163,0.6253,0.6322,0.0711,0.1254,0.1741,0.497,0.5522,2.4539
Kepler-1577,0.2006,1.0523,4.5664,0.737,0.7631,0.7735,-0.0228,0.075,0.1285,0.427,0.8517,3.5141
Kepler-1239,4.4315,5.6222,7.1119,1.0807,1.1305,1.1697,0.1871,0.2967,0.3494,0.511,1.1907,1.4897
Kepler-432,5.2785,5.9191,6.5209,1.2,1.2245,1.307,0.0501,0.0703,0.0784,0.061,0.6406,0.6018
HD 183579,1.4878,3.0824,5.5368,0.9346,0.9833,1.0206,-0.1177,-0.0239,0.0536,0.396,1.5946,2.4544
TOI-5786,3.2369,4.1006,5.0191,1.1112,1.1584,1.2053,-0.0195,0.0728,0.1824,0.454,0.8637,0.9185
Kepler-724,6.962,8.5154,9.5729,0.8511,0.8616,0.8757,0.0714,0.105,0.1236,0.548,1.5534,1.0575
Kepler-434,8.0481,9.0013,9.6197,1.0203,1.0445,1.0704,0.2275,0.3142,0.3789,0.456,0.9532,0.6184
Kepler-409,4.3612,6.541,8.8515,0.8718,0.9027,0.9302,0.0533,0.1209,0.1749,0.453,2.1798,2.3105
Kepler-78,2.7528,5.3571,8.2534,0.7583,0.7768,0.7937,-0.1022,-0.0635,-0.0397,0.447,2.6043,2.8963
Kepler-561,6.6805,8.4943,9.5006,0.8661,0.8769,0.8936,0.1044,0.1424,0.1626,0.529,1.8137,1.0063
Kepler-1870,0.161,1.184,5.7647,0.877,0.9347,0.9517,0.0609,0.1558,0.202,0.334,1.023,4.5807
Kepler-304,0.384,1.6637,4.5107,0.7267,0.7522,0.7658,-0.0344,0.0842,0.1539,0.429,1.2797,2.847
KELT-20,0.5532,0.6814,0.8515,1.6586,1.7144,1.7586,-0.3758,-0.2599,-0.1726,0.562,0.1282,0.1701
Kepler-908,9.3697,9.7584,9.9393,1.0133,1.0209,1.0312,0.2254,0.2656,0.2912,0.52,0.3888,0.1808
Kepler-644,6.1877,6.5972,7.4119,1.1071,1.1427,1.1755,-0.0057,0.097,0.1919,0.205,0.4096,0.8147
Kepler-1260,7.8802,8.5303,9.3438,1.0352,1.0688,1.1052,-0.0335,0.076,0.1396,0.098,0.6501,0.8135
Kepler-1987,2.7041,5.9818,8.7799,0.7341,0.7506,0.7671,0.1016,0.1945,0.2509,0.465,3.2776,2.7981
TOI-1064,0.6291,2.2503,5.5669,0.7518,0.7733,0.7865,0.0545,0.1295,0.1794,0.449,1.6212,3.3166
Kepler-80,5.9519,7.9566,9.3983,0.7079,0.7145,0.7217,0.1122,0.1521,0.1793,0.545,2.0046,1.4418
Kepler-1326,1.9378,2.3755,2.8501,1.2201,1.2593,1.2917,-0.0686,0.0427,0.131,0.564,0.4376,0.4746
HIP 97166,0.2464,1.3736,5.6165,0.8735,0.9216,0.9412,0.1834,0.294,0.3558,0.325,1.1273,4.2429
Kepler-731,7.8179,8.9741,9.7636,0.9373,0.9495,0.9666,0.1075,0.1549,0.1808,0.539,1.1562,0.7895
Kepler-1611,3.2934,3.5417,3.875,1.3075,1.3617,1.4055,-0.0805,0.0329,0.0837,0.087,0.2483,0.3333
Kepler-251,0.114,0.5919,2.7249,0.8726,0.8998,0.9132,-0.064,0.0018,0.0562,0.414,0.4779,2.1331
Kepler-221,0.1143,0.6236,4.0895,0.8146,0.8485,0.8621,-0.0468,0.028,0.0968,0.399,0.5093,3.4659
Kepler-984,4.4904,6.6841,8.8299,0.8794,0.9084,0.9341,0.0657,0.1273,0.1712,0.462,2.1937,2.1459
Kepler-96,0.7226,2.4516,5.272,0.9352,0.9905,1.0273,-0.0558,0.0479,0.1236,0.375,1.729,2.8204
Kepler-159,0.4363,1.6999,5.643,0.6858,0.7034,0.7127,-0.0157,0.0446,0.0916,0.454,1.2637,3.943
Kepler-991,1.2228,3.2932,7.1515,0.6415,0.6551,0.6649,-0.1987,-0.156,-0.1185,0.479,2.0704,3.8583
TOI-1181,2.8505,3.0774,3.2313,1.3843,1.4036,1.4209,0.2721,0.3722,0.4797,0.521,0.2269,0.1539
Kepler-1716,2.4164,5.098,8.2778,0.702,0.7181,0.7321,-0.1706,-0.1302,-0.1031,0.456,2.6816,3.1797
HAT-P-41,4.8792,5.3163,5.6366,1.1728,1.1986,1.2332,0.0891,0.1702,0.264,0.364,0.4371,0.3203
Kepler-1378,0.1804,0.6504,3.5099,0.6339,0.6469,0.6577,-0.0753,-0.0145,0.0572,0.489,0.47,2.8595
Kepler-1154,8.4905,9.214,9.6791,0.9979,1.0256,1.0515,0.0121,0.0938,0.1612,0.479,0.7235,0.4651
Kepler-538,0.9254,3.1971,7.9542,0.8474,0.9146,0.9455,-0.1315,-0.009,0.0412,0.327,2.2717,4.7571
HAT-P-11,0.2237,1.1325,4.4692,0.8122,0.8337,0.8431,0.2916,0.3727,0.434,0.376,0.9088,3.3368
Kepler-1565,1.6241,4.9397,8.1674,0.7226,0.7386,0.7559,-0.1029,-0.0528,-0.0215,0.483,3.3157,3.2277
TOI-2194,1.3386,4.4809,8.0713,0.6744,0.6895,0.7027,-0.2897,-0.2511,-0.23,0.406,3.1423,3.5904
HD 189733,0.3349,2.412,7.2351,0.7801,0.8198,0.8436,-0.0681,0.0101,0.0865,0.364,2.0771,4.8231
HD 235088,0.1895,1.2557,5.9879,0.7956,0.8359,0.8545,-0.0688,0.0089,0.0749,0.374,1.0661,4.7323
TOI-5799,0.3258,0.4083,0.5356,0.3718,0.3738,0.3754,-0.1393,-0.1372,-0.1328,0.567,0.0826,0.1273
HD 191939,8.7073,9.512,9.8775,0.8601,0.8648,0.8724,-0.0345,-0.0136,-0.0039,0.546,0.8047,0.3655
TOI-2093,4.3385,6.8471,8.9796,0.7012,0.7103,0.7203,-0.0011,0.035,0.0584,0.52,2.5086,2.1325
WASP-80,1.6138,3.8999,7.3559,0.6124,0.6211,0.6276,-0.0346,-0.005,0.0127,0.5,2.286,3.456
WASP-74,4.099,4.4556,5.6125,1.2052,1.2309,1.2461,0.3581,0.4152,0.4948,0.377,0.3566,1.1569
WASP-68,7.236,7.7657,8.5491,1.0789,1.1107,1.1477,0.1171,0.2062,0.3256,0.225,0.5297,0.7834
HAT-P-49,1.794,1.9754,2.1087,1.4447,1.4736,1.5162,-0.053,0.0226,0.1363,0.573,0.1814,0.1333
TOI-1444,2.2644,4.4099,7.7373,0.8972,0.9471,0.9768,0.0944,0.1981,0.267,0.36,2.1455,3.3274
Ross 176,0.2535,1.0804,4.2504,0.5746,0.5855,0.5947,-0.2223,-0.1713,-0.1168,0.483,0.8269,3.1699
HD 332231,3.5496,4.4238,5.4798,1.0657,1.1139,1.1525,-0.0503,0.0685,0.1619,0.493,0.8742,1.056
GJ 1252,0.248,0.3032,0.3526,0.4224,0.4254,0.4284,-0.0491,-0.0462,-0.0396,0.557,0.0552,0.0494
KELT-9,0.5783,0.634,0.7012,2.0617,2.1251,2.1721,-0.12,-0.0097,0.0812,0.557,0.0557,0.0671
WASP-88,3.1108,3.5934,3.9243,1.2406,1.3128,1.3756,-0.1415,-0.0271,0.043,0.217,0.4827,0.3309
TOI-1075,0.2247,0.6411,4.4301,0.5663,0.5782,0.585,-0.1714,-0.1211,-0.0758,0.452,0.4164,3.789
TIC 393818343,2.4751,4.0195,6.0481,1.013,1.0585,1.0905,0.2188,0.3281,0.4255,0.384,1.5444,2.0287
WASP-7,1.8005,2.1759,2.6293,1.2315,1.2737,1.3042,-0.0815,0.0355,0.1177,0.566,0.3753,0.4534
TOI-1288,6.1737,7.8399,9.2687,0.914,0.932,0.9517,0.2843,0.3449,0.3884,0.495,1.6662,1.4288
TOI-1408,2.1727,2.5693,2.9704,1.2527,1.2861,1.3125,0.1522,0.2689,0.3644,0.532,0.3965,0.4012
WASP-94 A,3.0823,3.5802,4.4652,1.1933,1.2477,1.2922,0.1274,0.1595,0.2961,0.353,0.4978,0.885
WASP-69,6.4044,8.3578,9.5614,0.8265,0.8341,0.8472,0.3982,0.4542,0.488,0.519,1.9535,1.2036
TOI-1431,0.8732,1.0113,1.1713,1.6387,1.6867,1.7256,-0.0025,0.1094,0.2068,0.551,0.1381,0.1599
TOI-172,6.5201,6.8925,7.388,1.1112,1.1353,1.1664,0.0691,0.1647,0.25,0.238,0.3724,0.4955
MASCARA-1,0.8244,0.9456,1.0798,1.7121,1.7578,1.7968,0.0531,0.1583,0.2547,0.563,0.1212,0.1342
HD 202772 A,2.1105,2.2183,2.3599,1.6213,1.6569,1.6798,0.2473,0.3611,0.4356,0.349,0.1078,0.1416
WASP-73,3.1393,3.253,8.9417,1.4104,1.4386,1.558,0.1357,0.2171,0.2636,0.202,0.1138,5.6886
TOI-5817,9.8343,9.9294,9.9815,0.9567,0.9608,0.9636,-0.1249,-0.1041,-0.0934,0.527,0.0951,0.0522
HAT-P-17,5.7135,7.9742,9.4062,0.8478,0.8624,0.8833,0.076,0.1157,0.1396,0.511,2.2607,1.432
TOI-1333,2.3527,2.5296,2.7251,1.3574,1.3904,1.4183,0.0164,0.1126,0.2213,0.552,0.1769,0.1955
HD 207897,0.1186,0.5123,2.2706,0.8087,0.8281,0.8418,-0.121,-0.0595,0.0077,0.434,0.3937,1.7584
HD 207496,0.1239,0.4363,2.6718,0.8073,0.828,0.8399,0.0562,0.1299,0.2022,0.428,0.3124,2.2355
K2-369,2.6209,4.5982,7.6338,0.8549,0.9037,0.9349,-0.2677,-0.1675,-0.1092,0.428,1.9774,3.0355
HD 209458,2.8621,4.0841,5.364,1.0303,1.0781,1.1221,-0.0858,0.0181,0.1119,0.493,1.222,1.28
TOI-1386,2.3279,3.9279,6.7417,0.9627,1.0231,1.0584,0.053,0.1722,0.2583,0.39,1.6001,2.8138
TOI-1410,1.0667,2.9765,6.1253,0.7727,0.7877,0.7995,0.3467,0.4131,0.4589,0.39,1.9098,3.1488
K2-172,0.885,3.1739,6.7095,0.8604,0.9054,0.9335,-0.0575,0.0188,0.0651,0.369,2.289,3.5356
K2-167,7.6779,8.1706,8.7132,0.9244,0.9556,0.9829,-0.553,-0.4455,-0.3509,0.426,0.4927,0.5426
WASP-95,6.1855,7.3087,8.7704,0.9912,1.0329,1.0623,0.0792,0.185,0.2569,0.499,1.1232,1.4617
TOI-1052,2.8618,3.7158,4.6221,1.1102,1.1525,1.1926,0.0364,0.1363,0.2402,0.482,0.8541,0.9063
K2-54,0.3032,1.2219,4.1913,0.6266,0.6384,0.6469,-0.0123,0.0517,0.1044,0.488,0.9187,2.9694
K2-39,6.6074,7.3123,8.6504,1.1813,1.2259,1.4873,0.2774,0.3135,0.355,0.043,0.7049,1.3381
TOI-132,2.276,4.9132,8.1848,0.8889,0.9307,0.9643,0.1378,0.223,0.2881,0.377,2.6373,3.2715
HD 213885,8.2898,9.122,9.779,0.9436,0.9601,0.9807,-0.0088,0.0438,0.0881,0.54,0.8322,0.657
TOI-1516,1.6465,2.3993,3.352,1.1147,1.166,1.2055,-0.1505,-0.0361,0.0538,0.469,0.7529,0.9527
K2-21,0.2843,1.0471,3.5718,0.6243,0.6357,0.6429,-0.0747,-0.024,0.0168,0.507,0.7627,2.5247
HATS-60,8.3146,9.0213,9.5952,1.0348,1.0514,1.0675,0.3359,0.4106,0.4611,0.495,0.7067,0.5739
HAT-P-8,4.8011,5.5449,6.2391,1.0868,1.1329,1.1753,-0.0864,0.0217,0.1186,0.444,0.7439,0.6942
TRAPPIST-1,2.8651,4.165,6.2452,0.08,0.1,0.1003,0.1725,0.1921,0.2,0.156,1.2999,2.0803
K2-393,6.1305,7.5338,9.0222,0.9389,0.9682,0.9925,0.0754,0.1477,0.2006,0.523,1.4033,1.4884
TOI-238,0.6918,2.6801,6.8669,0.773,0.8054,0.8237,-0.0972,-0.0415,0.0084,0.369,1.9883,4.1868
K2-285,0.1144,0.6287,4.6972,0.8091,0.8491,0.8635,-0.0478,0.0411,0.1037,0.356,0.5143,4.0684
HD 219666,3.9551,6.4605,8.707,0.9237,0.9616,0.9996,0.0373,0.1167,0.1683,0.402,2.5054,2.2465
L 168-9,2.2195,5.3142,8.5258,0.5899,0.5959,0.601,0.084,0.103,0.1154,0.481,3.0947,3.2116
K2-141,0.8784,2.4544,6.1517,0.7063,0.7297,0.742,-0.0243,0.0554,0.1175,0.454,1.576,3.6973
GJ 9827,0.2141,0.8825,4.658,0.6069,0.6205,0.6293,-0.2806,-0.2282,-0.175,0.441,0.6684,3.7755
K2-294,6.9655,8.2997,9.4308,0.9602,0.9829,1.0095,0.1743,0.2448,0.3115,0.56,1.3342,1.1311
TOI-181,0.5463,2.4087,5.9059,0.8109,0.8371,0.8533,0.2567,0.3465,0.4017,0.399,1.8623,3.4972
TOI-1518,1.2226,1.3508,1.5154,1.5483,1.5993,1.6396,-0.1901,-0.0798,0.0118,0.575,0.1283,0.1646
HD 221416,4.4795,4.8231,7.4625,1.2196,1.2458,1.3427,0.0061,0.0295,0.0578,0.098,0.3436,2.6393
TOI-251,0.7298,2.791,5.6677,0.9204,0.982,1.0256,-0.1826,-0.0667,0.0102,0.347,2.0611,2.8767
TOI-1422,4.3357,6.2004,8.1513,0.9211,0.9657,1.0072,-0.1114,0.0006,0.0858,0.45,1.8647,1.9509
TOI-1758,1.058,3.3007,6.7404,0.8213,0.8545,0.8766,0.0031,0.0638,0.111,0.384,2.2427,3.4398
TOI-2382,3.8425,4.7156,6.0497,1.1281,1.1893,1.2291,0.1688,0.2617,0.3485,0.371,0.8731,1.3341
TOI-7041,5.2434,5.9536,8.1619,1.23,1.2766,1.3064,0.3469,0.3665,0.3916,0.059,0.7102,2.2083
WASP-91,4.0973,6.4017,8.6942,0.8449,0.8657,0.8845,0.2369,0.2922,0.3263,0.455,2.3044,2.2926
HD 224018,7.1199,8.3484,9.4801,0.9546,0.9828,1.0127,0.0277,0.0998,0.1711,0.525,1.2286,1.1317
LTT 9779.00,0.478,2.0995,4.5865,0.9671,1.0071,1.0317,0.2706,0.3567,0.4047,0.323,1.6214,2.487
WASP-8,8.9132,9.5702,9.8884,0.9415,0.9473,0.9557,0.2649,0.2993,0.3149,0.548,0.657,0.3181
